{"cameraMode":{"drawMode":0,"name":"Shaded","section":"Shading Mode"},"sceneLighting":true,"audioPlay":false,"sceneViewState":{"showFog":true,"showMaterialUpdate":false,"showSkybox":true,"showFlares":true,"showImageEffects":true,"showParticleSystems":true,"showVisualEffectGraphs":true,"m_FxEnabled":true},"in2DMode":false,"pivot":{"x":-0.5713266134262085,"y":-0.07925434410572052,"z":29.322418212890626},"rotation":{"x":-0.0063096522353589539,"y":0.006594654638320208,"z":-0.00007701553113292903,"w":-1.0000216960906983},"size":17.5192928314209,"orthographic":false}