{"cameraMode":{"drawMode":0,"name":"Shaded","section":"Shading Mode"},"sceneLighting":true,"audioPlay":false,"sceneViewState":{"showFog":true,"showMaterialUpdate":false,"showSkybox":true,"showFlares":true,"showImageEffects":true,"showParticleSystems":true,"showVisualEffectGraphs":true,"m_FxEnabled":true},"in2DMode":false,"pivot":{"x":-0.2907278537750244,"y":-5.636960506439209,"z":26.653032302856447},"rotation":{"x":-0.0857081189751625,"y":0.006568737793713808,"z":-0.0005918464157730341,"w":-0.9963645339012146},"size":16.62948989868164,"orthographic":false}